gfx	anim	xmin	ymin	largeur	hauteur	images	ips	fin
101	scene	-23	-15	47	31	63	20	static
102	scene	-35	-65	72	72	58	20	static
104	scene	-65	-95	135	118	44	20	static
108	scene	-31	-46	63	60	43	20	static
109	scene	-38	-50	65	69	43	20	static
110	scene	-27	-45	56	59	43	20	static
111	scene	-64	-135	125	141	58	20	boucle
202	scene	-118	-117	237	138	33	20	static
206	scene	-24	-184	47	191	72	20	static
207	move	-7	-9	25	18	25	20	boucle
207	shoot	-42	-73	90	91	97	20	static
209	scene	-36	-31	67	40	58	20	static
212	shoot	-78	-46	157	93	35	20	static
213	scene	-23	-19	48	47	102	20	static
214	scene	-18	-79	87	29	49	20	static
301	scene	-23	-13	44	35	109	20	static
303	scene	-67	-230	156	263	74	20	static
305	move	-26	-47	58	52	6	20	boucle
305	shoot	-42	-64	81	66	53	20	static
306	rotate	-151	-33	302	32	39	20	arret
306	shoot	-39	-53	65	66	53	20	static
307	scene	-26	-46	55	59	43	20	static
310	move	-5	-28	11	38	1	20	arret
310	shoot	-42	-75	81	79	44	20	static
312	scene	-44	-51	81	80	93	20	static
314	scene	-54	-122	124	153	28	20	static
315	scene	-26	-121	152	74	67	20	static
316	scene	-22	-10	43	20	54	20	static
317	move	-7	-29	19	17	3	20	boucle
317	shoot	-42	-64	81	66	27	20	static
401	scene	-15	-230	32	238	70	20	static
402	scene	-56	-62	114	89	47	20	static
403	rotate	-98	-101	196	150	28	20	static
405	rotate	-67	-78	142	106	51	20	static
405	shoot	-63	-141	138	157	85	20	boucle
406	rotate	-54	-81	116	112	48	20	static
406	shoot	-58	-100	118	116	95	20	boucle
407	scene	-44	-86	204	86	32	20	static
501	shoot	-53	-66	109	93	56	20	static
503	scene	-80	-118	160	112	74	20	static
504	scene	-23	-25	61	38	82	20	static
505	scene	-60	-60	114	93	41	20	static
507	scene	-71	-37	145	81	83	20	static
509	scene	-78	-109	174	151	40	20	static
510	rotate	-234	-29	468	22	25	20	static
511	scene	-29	-61	55	76	50	20	static
513	scene	-91	-166	178	212	137	20	boucle
513	shoot	-90	-167	178	212	88	20	static
515	shoot	-57	-68	105	97	50	20	static
601	move	-32	-19	69	41	4	20	boucle
601	shoot	-18	-28	58	44	48	20	static
602	scene	-23	-10	47	20	81	20	static
603	scene	-23	-16	44	35	74	20	static
604	duplicate	-29	-45	48	58	27	20	arret
604	shoot	-35	-58	174	94	30	20	static
605	scene	-32	-109	60	61	45	20	static
607	scene	-21	-70	51	32	42	20	static
608	scene	-47	-54	95	65	56	20	static
610	scene	-36	-336	71	356	32	20	static
611	move	-97	-22	157	44	2	20	boucle
611	shoot	-18	-28	60	44	48	20	static
612	duplicate	-19	-65	39	77	27	20	arret
612	shoot	-59	-74	122	113	28	20	static
613	scene	-60	-255	118	256	42	20	static
614	scene	-189	-344	378	407	34	20	static
701	scene	-29	-49	75	64	45	20	boucle
702	scene	-45	-35	74	56	62	20	static
703	scene	-77	-87	164	115	45	20	static
704	scene	-87	-141	169	179	57	20	boucle
705	scene	-108	-225	169	240	286	20	static
706	scene	-124	-183	249	226	79	20	boucle
707	scene	-88	-157	169	192	78	20	boucle
708	scene	-45	-24	118	48	35	20	static
711	scene	-109	-57	216	114	75	20	boucle
801	scene	-23	-11	47	20	102	20	static
802	scene	-66	-97	141	123	44	20	static
803	scene	-38	-107	84	152	73	20	static
804	rotate	-101	-109	202	172	64	20	static
805	duplicate	-42	-60	93	76	42	20	boucle
806	rotate	-68	-45	136	38	31	20	static
807	scene	-131	-415	262	459	23	20	arret
808	scene	-133	-434	254	481	60	20	static
809	rotate	-150	-102	302	154	70	20	static
809	shoot	-58	-100	116	116	95	20	boucle
810	scene	-71	-66	148	91	54	20	static
811	scene	-41	-135	82	152	58	20	boucle
812	duplicate	-20	-69	53	79	42	20	static
813	scene	-77	-78	154	106	70	20	arret
814	shoot	-5	-37	509	69	30	20	static
901	move	-22	-2	21	4	1	20	arret
901	shoot	-16	-18	23	32	31	20	static
902	move	-17	-4	36	7	1	20	arret
902	shoot	-43	-44	58	61	22	20	static
903	rotate	-189	-89	378	106	25	20	static
904	scene	-23	-22	55	43	106	20	static
905	move	-16	-3	34	6	1	20	arret
905	shoot	-87	-112	192	156	32	20	static
906	rotate	-228	-46	456	36	47	20	static
906	shoot	-29	-59	64	57	53	20	static
907	scene	-23	-11	45	23	82	20	static
908	move	-28	-10	38	19	3	20	boucle
908	shoot	-78	-89	157	137	28	20	static
910	move	-28	-10	38	19	3	20	boucle
910	shoot	-102	-66	204	127	28	20	static
1001	scene	-38	-30	70	46	50	20	static
1003	scene	-38	-21	77	43	57	20	static
1005	scene	-130	-158	259	259	52	20	static
1008	scene	-36	-359	80	376	111	20	boucle
1011	scene	-90	-54	179	92	24	20	static
1051	scene	-147	-170	294	293	24	20	static
1053	move	-44	-9	49	20	4	20	boucle
1053	shoot	-73	-82	152	140	27	20	static
1054	scene	-23	-30	60	46	102	20	static
1100	scene	-23	-61	45	48	28	20	static
1101	scene	-59	-177	119	194	162	20	boucle
1107	scene	-43	-20	81	40	80	20	static
1200	move	-14	-52	29	55	9	20	arret
1200	shoot	-56	-30	117	59	44	20	static
1202	move	-6	-16	24	15	4	20	boucle
1202	shoot	-85	-120	174	162	24	20	static
1203	move	-20	-6	38	12	1	20	arret
1203	shoot	-42	-33	90	66	25	20	static
1204	move	-20	-6	38	12	1	20	arret
1204	shoot	-42	-33	90	65	25	20	static
1205	move	-20	-6	38	12	1	20	arret
1205	shoot	-42	-33	90	65	25	20	static
1206	move	-20	-6	38	12	1	20	arret
1206	shoot	-42	-33	90	65	25	20	static
1210	duplicate	-55	-56	131	119	91	20	static
1211	scene	-41	-171	74	73	27	20	static
1212	scene	-56	-138	142	159	60	20	static
1213	scene	-44	-68	85	81	56	20	static
1214	scene	-27	-114	125	143	58	20	static
2000	scene	336	277	27	26	2	20	arret
2003	rotate	-134	-19	268	28	18	20	static
2004	shoot	-102	-321	204	382	22	20	static
2005	shoot	-78	-300	157	348	28	20	static
2008	shoot	-102	-61	204	122	28	20	arret
2009	scene	-84	-55	169	106	24	20	static
2009	shoot	-102	-66	204	127	28	20	static
2010	scene	-27	-45	56	59	43	20	static
2011	move	-8	-3	14	7	4	20	boucle
2011	shoot	-78	-76	134	90	31	20	static
2012	move	-15	-4	21	8	1	20	arret
2012	shoot	-77	-75	133	89	25	20	static
2015	move	-49	-6	65	12	1	20	arret
2016	move	-13	-35	30	28	4	20	boucle
2016	shoot	-24	-50	58	52	53	20	static
2017	move	-10	-4	20	9	1	20	arret
2018	move	-10	-3	16	6	2	20	boucle
2019	move	-10	-3	16	6	2	20	boucle
2019	shoot	-29	-15	59	28	36	20	static
2020	scene	-24	-9	46	16	82	20	static
2021	shoot	-102	-87	204	148	28	20	static
2023	scene	-77	-44	153	92	34	20	static
2023	shoot	-92	-55	184	110	38	20	static
2030	move	-10	-3	16	6	2	20	boucle
2030	shoot	-29	-15	59	28	36	20	static
2040	move	-38	-3	38	6	1	20	arret
2040	shoot	-24	-18	31	32	31	20	static
2041	scene	-89	-53	178	106	13	20	static
2041	shoot	-89	-53	178	106	13	20	static
2042	scene	-30	-24	58	37	21	20	static
2043	shoot	-102	-68	204	129	28	20	arret
2047	move	-38	-2	37	4	1	20	arret
2047	shoot	1	-25	224	41	30	20	static
2050	rotate	-486	-47	972	34	22	20	static
2052	scene	-5	-19	10	21	20	20	boucle
2053	move	-5	-5	10	10	1	20	arret
2053	shoot	-149	-147	277	219	28	20	static
2055	scene	-56	-62	114	89	48	20	static
2058	scene	-61	-82	117	111	21	20	static
2059	move	-6	-44	9	8	10	20	arret
2059	shoot	-78	-76	134	90	25	20	static
2060	shoot	-103	-85	206	147	14	20	static
2062	scene	-117	-61	233	124	7	20	static
2063	scene	-25	-29	50	38	21	20	static
2067	shoot	-103	-85	206	147	14	20	static
2068	shoot	-103	-85	206	147	14	20	static
2069	scene	-31	-89	62	117	80	20	static
2102	shoot	-102	-61	204	122	28	20	arret
2106	move	-37	-2	35	4	1	20	arret
2106	shoot	-24	-18	31	32	31	20	static
2108	scene	-45	-24	120	48	35	20	static
2110	shoot	-64	-46	127	93	35	20	static
2112	scene	-35	-258	69	278	32	20	static
2900	scene	-45	-175	85	148	107	20	static
2901	scene	-45	-175	85	148	107	20	static
2902	scene	-45	-175	85	148	107	20	static
2903	scene	-45	-175	85	148	107	20	static
2904	scene	-45	-175	85	148	107	20	static
2905	scene	-29	-58	57	62	130	20	static
2905	shoot	-42	-73	90	91	97	20	static
2906	scene	-7	-50	15	38	130	20	static
2907	scene	-7	-50	15	38	130	20	static
2908	scene	-7	-50	15	38	130	20	static
2909	scene	-7	-50	15	38	130	20	static
2914	scene	-68	-104	137	153	130	20	static
2914	shoot	-42	-73	90	91	97	20	static
4600	move	-45	-4	52	7	3	20	boucle
4600	shoot	-29	-45	60	52	26	20	static
4800	scene	-36	-65	66	84	53	20	static
