gfx	raison	detail
103	script	attachMovie, duplicateMovieClip ou onEnterFrame
105	script	attachMovie, duplicateMovieClip ou onEnterFrame
112	script	attachMovie, duplicateMovieClip ou onEnterFrame
201	script	attachMovie, duplicateMovieClip ou onEnterFrame
205	script	attachMovie, duplicateMovieClip ou onEnterFrame
207	symboles	shoot,move
210	script	attachMovie, duplicateMovieClip ou onEnterFrame
211	script	attachMovie, duplicateMovieClip ou onEnterFrame
212	symboles	shoot
302	script	attachMovie, duplicateMovieClip ou onEnterFrame
305	symboles	shoot,move
308	vide	2 image(s) sans dessin
309	vide	2 image(s) sans dessin
310	symboles	shoot,move
311	vide	2 image(s) sans dessin
313	vide	2 image(s) sans dessin
317	symboles	shoot,move
404	script	attachMovie, duplicateMovieClip ou onEnterFrame
412	vide	2 image(s) sans dessin
501	symboles	shoot
512	script	attachMovie, duplicateMovieClip ou onEnterFrame
515	symboles	shoot
601	symboles	shoot,move
604	symboles	shoot,duplicate
611	symboles	shoot,move
612	symboles	shoot,duplicate
615	script	attachMovie, duplicateMovieClip ou onEnterFrame
616	script	attachMovie, duplicateMovieClip ou onEnterFrame
709	vide	2 image(s) sans dessin
710	vide	2 image(s) sans dessin
805	symboles	duplicate
812	symboles	duplicate
814	symboles	shoot
901	symboles	shoot,move
902	symboles	shoot,move
905	symboles	shoot,move
908	symboles	shoot,move
909	script	attachMovie, duplicateMovieClip ou onEnterFrame
910	symboles	shoot,move
911	script	attachMovie, duplicateMovieClip ou onEnterFrame
912	vide	2 image(s) sans dessin
1009	vide	2 image(s) sans dessin
1010	vide	2 image(s) sans dessin
1012	vide	2 image(s) sans dessin
1013	vide	2 image(s) sans dessin
1014	vide	2 image(s) sans dessin
1015	script	attachMovie, duplicateMovieClip ou onEnterFrame
1050	script	attachMovie, duplicateMovieClip ou onEnterFrame
1052	vide	2 image(s) sans dessin
1053	symboles	shoot,move
1055	script	attachMovie, duplicateMovieClip ou onEnterFrame
1200	symboles	shoot,move
1201	script	attachMovie, duplicateMovieClip ou onEnterFrame
1202	symboles	shoot,move
1203	symboles	shoot,move
1204	symboles	shoot,move
1205	symboles	shoot,move
1206	symboles	shoot,move
1207	script	attachMovie, duplicateMovieClip ou onEnterFrame
1208	vide	2 image(s) sans dessin
1209	script	attachMovie, duplicateMovieClip ou onEnterFrame
1210	symboles	duplicate
2001	vide	2 image(s) sans dessin
2002	vide	2 image(s) sans dessin
2004	symboles	shoot
2005	symboles	shoot
2006	vide	2 image(s) sans dessin
2008	symboles	shoot
2011	symboles	shoot,move
2012	symboles	shoot,move
2013	script	attachMovie, duplicateMovieClip ou onEnterFrame
2014	script	attachMovie, duplicateMovieClip ou onEnterFrame
2015	symboles	move
2016	symboles	shoot,move
2017	symboles	move
2018	symboles	move
2019	symboles	shoot,move
2021	symboles	shoot
2030	symboles	shoot,move
2040	symboles	shoot,move
2043	symboles	shoot
2044	script	attachMovie, duplicateMovieClip ou onEnterFrame
2045	vide	2 image(s) sans dessin
2047	symboles	shoot,move
2049	script	attachMovie, duplicateMovieClip ou onEnterFrame
2051	script	attachMovie, duplicateMovieClip ou onEnterFrame
2053	symboles	shoot,move
2054	script	attachMovie, duplicateMovieClip ou onEnterFrame
2057	vide	2 image(s) sans dessin
2059	symboles	shoot,move
2060	symboles	shoot
2065	script	attachMovie, duplicateMovieClip ou onEnterFrame
2066	script	attachMovie, duplicateMovieClip ou onEnterFrame
2067	symboles	shoot
2068	symboles	shoot
2102	symboles	shoot
2103	script	attachMovie, duplicateMovieClip ou onEnterFrame
2106	symboles	shoot,move
2110	symboles	shoot
2200	vide	2 image(s) sans dessin
3000	script	attachMovie, duplicateMovieClip ou onEnterFrame
3001	script	attachMovie, duplicateMovieClip ou onEnterFrame
4600	symboles	shoot,move
