nom	x	y	largeur	hauteur
1	235	-166	330	240
2	-245	-212	330	194
3	195	64	290	171
4	-85	225	570	286
5	-5	202	290	125
6	315	294	210	148
8	-285	87	290	125
9	-365	294	410	263
10	-125	-97	370	171
11	-85	708	170	102
12	235	639	250	102
13	475	110	50	33
14	315	41	50	33
15	-45	-97	50	33
16	-165	-5	50	33
17	115	18	50	33
18	35	-120	50	33
19	35	64	50	33
20	-5	64	50	33
21	-45	202	50	33
22	-85	294	210	217
23	-285	547	290	217
26	275	18	50	33
27	475	64	90	194
28	35	-189	250	79
30	-85	-787	370	148
31	-285	225	210	102
32	355	501	490	194
33	-485	-396	330	194
35	395	501	50	33
37	-1525	-1431	530	309
38	-1405	-1431	1450	1459
40	-45	-971	1130	1160
41	-85	-189	50	33
42	-805	-626	50	33
43	-1485	-1408	530	332
44	-1125	-1201	130	79
45	-1405	-1316	170	171
46	-1365	-1201	170	79
47	-1125	-1316	130	125
48	-1205	-1408	130	79
49	-1085	-1362	90	56
50	-1245	-1316	90	79
51	-1325	-1385	90	56
53	-1245	685	570	309
54	-1205	-856	1010	539
55	-805	-1431	210	56
56	-285	-1086	210	102
57	-1205	18	890	746
59	-605	-1431	370	171
61	-765	547	490	424
62	-1285	-235	130	102
68	-1405	-1178	690	424
69	-965	-1316	330	148
70	-685	-1178	290	240
71	-725	317	210	194
72	-1365	547	650	493
74	-1405	-212	130	79
76	-805	-626	210	125
79	-845	-580	50	33
80	-845	-580	50	33
81	-845	-580	50	33
84	-525	-948	210	125
85	-485	-902	50	33
87	-45	616	50	33
89	75	41	50	33
92	-125	-534	490	263
93	1075	41	490	309
95	-45	-511	370	217
96	315	-557	130	56
97	-85	-718	330	217
98	155	-672	250	171
101	35	-304	290	148
102	-165	-281	250	125
103	475	248	130	286
105	795	-1063	410	401
106	755	-695	370	263
107	995	-1086	170	102
108	635	-925	210	286
109	1115	-994	210	309
111	755	-741	50	33
112	1075	-1109	50	33
113	835	-603	50	33
114	1235	-810	50	33
115	595	-810	170	125
116	1035	-1201	170	148
117	835	-603	210	125
118	1155	-902	130	148
119	835	-948	250	240
133	1275	-879	50	33
143	515	-649	290	171
152	1235	-1247	210	171
161	875	-235	210	217
162	1035	-304	130	79
163	795	-304	130	79
164	915	-327	130	79
165	1155	87	250	217
166	1235	202	50	102
168	-605	-396	370	332
169	-685	-465	570	263
170	-85	478	370	286
171	835	-994	330	332
173	315	-534	210	378
174	115	-649	50	33
177	-245	-649	170	194
178	-205	-902	250	263
179	435	110	130	102
180	75	-166	250	125
182	-725	-28	250	171
209	-1725	-442	170	102
230	-525	294	210	217
231	-845	-304	450	263
232	-405	-120	290	217
233	-405	64	170	217
234	-445	133	250	217
235	-925	-51	530	286
253	-765	179	330	125
275	-845	225	330	148
276	-245	41	170	102
277	-245	202	210	102
278	115	-212	130	79
279	-1325	-1500	490	125
280	-1245	938	290	148
281	-45	-28	130	79
284	-205	225	50	33
287	-205	225	50	33
315	-205	547	130	79
320	-2765	-2420	490	332
333	-125	547	50	33
334	-1445	-465	290	286
335	315	-672	250	171
440	-165	41	170	56
441	35	110	50	33
442	155	87	130	56
443	-5	87	170	79
444	155	-5	130	102
445	-5	-5	170	102
448	115	64	210	79
449	115	133	130	33
450	-5	41	90	79
451	-1845	-97	250	194
453	-2405	-51	1570	1022
454	-2285	64	410	493
455	-2245	202	290	309
457	-2405	-143	290	148
459	-2045	363	50	33
460	-2365	340	50	33
465	-2285	110	170	102
466	-1925	340	210	194
468	-2245	340	290	125
469	-2325	248	410	286
471	-2485	-235	170	102
472	-2165	340	130	79
476	1155	-1155	170	102
477	-2125	386	50	33
478	-2125	340	50	33
479	35	-97	490	194
480	-165	18	170	286
481	235	202	290	79
482	-85	110	330	102
483	-5	156	130	56
484	-45	64	290	79
485	195	-28	210	148
486	275	-5	50	33
490	155	478	330	171
491	-85	-189	50	33
