# type	id	xmin	ymin	largeur	hauteur	image
objet	7003	-29	-88	78	100	2
objet	7005	-29	-88	78	100	2
objet	7007	-34	-88	83	102	2
objet	7008	-75	-58	84	72	2
objet	7009	-75	-58	84	72	2
objet	7010	-75	-58	84	72	2
objet	7011	-25	-55	73	63	2
objet	7012	-25	-55	51	64	2
objet	7014	-65	-55	90	84	2
objet	7015	-65	-55	90	84	2
objet	7016	-65	-55	90	84	2
objet	7018	-15	-41	57	45	2
objet	7019	-26	-93	56	108	2
objet	7020	-19	-28	33	33	2
objet	7021	-27	-63	55	78	2
objet	7022	-29	-98	81	110	2
objet	7023	-26	-98	78	110	2
objet	7027	-19	-28	33	33	2
objet	7028	-27	-69	70	78	2
objet	7041	-12	-35	28	43	2
objet	7042	-12	-35	28	43	2
objet	7043	-12	-35	28	43	2
objet	7044	-12	-35	28	43	2
objet	7045	-18	-50	25	33	2
objet	7500	-35	-97	69	107	2
objet	7501	-35	-97	69	107	2
objet	7502	-35	-97	69	107	2
objet	7503	-35	-97	69	107	2
objet	7504	-35	-97	69	107	2
objet	7505	-35	-97	69	107	2
objet	7506	-35	-97	69	107	2
objet	7507	-35	-97	69	107	2
objet	7508	-35	-97	69	107	2
objet	7509	-144	-372	298	384	2
objet	7510	-54	-31	102	62	2
objet	7511	-26	-56	56	73	2
objet	7512	-26	-59	56	73	2
objet	7513	-26	-54	56	73	2
objet	7514	-26	-54	56	73	2
objet	7515	-26	-54	56	73	2
objet	7516	-26	-54	56	73	2
objet	7517	-26	-54	56	73	2
objet	7518	-26	-54	56	73	2
objet	7519	-27	-79	43	90	2
objet	7520	-6	-69	34	73	2
objet	7521	-6	-69	34	73	2
objet	7522	-6	-69	34	73	2
objet	7523	-6	-69	34	73	2
objet	7524	-6	-69	34	73	2
objet	7525	-6	-69	34	73	2
objet	7526	-6	-69	34	73	2
objet	7527	-6	-69	34	73	2
objet	7528	-6	-69	34	73	2
objet	7529	-25	-4	48	27	2
objet	7530	-25	-4	48	27	2
objet	7531	-28	-2	52	23	2
objet	7532	-28	-2	52	23	2
objet	7533	-5	-18	11	17	2
objet	7534	-5	-18	11	17	2
objet	7535	-5	-18	11	17	2
objet	7536	-5	-18	11	17	2
objet	7537	-22	-4	49	26	2
objet	7538	-22	-4	49	26	2
objet	7539	-28	-5	54	24	2
objet	7540	-28	-5	54	24	2
objet	7541	-43	-100	82	104	2
objet	7542	-24	-144	62	148	2
objet	7543	-28	-5	54	24	2
objet	7544	-25	-4	48	27	2
objet	7546	-21	-121	67	132	2
objet	7547	-20	-131	66	141	2
objet	7549	-10	-11	19	16	2
objet	7550	-22	-23	47	41	2
objet	7551	-11	-21	23	25	2
objet	7552	-35	-401	91	411	2
objet	7553	-34	-85	43	89	2
objet	7554	-33	-85	42	89	2
objet	7555	-14	-81	57	71	2
objet	7556	-14	-81	57	71	2
objet	7557	-36	-105	86	113	2
